{"cameraMode":{"drawMode":0,"name":"Shaded","section":"Shading Mode"},"sceneLighting":false,"audioPlay":false,"sceneViewState":{"m_AlwaysRefresh":false,"showFog":true,"showSkybox":false,"showFlares":true,"showImageEffects":true,"showParticleSystems":true,"showVisualEffectGraphs":true,"m_FxEnabled":true},"in2DMode":false,"pivot":{"x":0.8609832525253296,"y":0.5484558939933777,"z":0.060440726578235629},"rotation":{"x":-0.14366596937179566,"y":0.04659787565469742,"z":-0.006736616138368845,"w":-0.988618791103363},"size":0.4725005030632019,"orthographic":false}